                  epoch,         train/box_loss,         train/seg_loss,         train/cls_loss,         train/dfl_loss,   metrics/precision(B),      metrics/recall(B),       metrics/mAP50(B),    metrics/mAP50-95(B),   metrics/precision(M),      metrics/recall(M),       metrics/mAP50(M),    metrics/mAP50-95(M),           val/box_loss,           val/seg_loss,           val/cls_loss,           val/dfl_loss,                 lr/pg0,                 lr/pg1,                 lr/pg2
                      1,                0.90868,                 1.9448,                 3.8632,                  1.396,                0.65324,                0.17127,                0.17357,                0.14251,                0.65273,                0.16989,                0.17128,                0.14099,                 1.1379,                 2.2631,                 3.1109,                 1.7198,              0.0033314,              0.0033314,              0.0033314
                      2,                0.92722,                 1.9096,                  3.086,                 1.3796,                0.54182,                0.21295,                 0.1947,                0.15744,                0.54216,                0.20164,                0.19396,                0.15831,                 1.1642,                 2.3588,                 2.9519,                 1.7353,              0.0066317,              0.0066317,              0.0066317
                      3,                0.98855,                 2.0444,                 3.0524,                 1.4169,                0.63296,                0.12245,                0.13997,                 0.1108,                0.63259,                 0.1197,                0.13592,                0.10847,                 1.2185,                 2.5611,                 3.3039,                 1.7772,              0.0098991,              0.0098991,              0.0098991
                      4,                 1.0257,                 2.1172,                 3.0139,                 1.4149,                0.59518,                0.21192,                0.22124,                0.18161,                0.59374,                0.20946,                0.21831,                0.17648,                 1.1447,                 2.4764,                 2.8484,                 1.6463,              0.0098515,              0.0098515,              0.0098515
                      5,                0.96603,                 2.0086,                 2.7767,                 1.3614,                0.61547,                0.21005,                0.24093,                0.19991,                 0.6147,                 0.2075,                0.23842,                0.19288,                 1.1086,                  2.322,                 2.6921,                 1.6032,              0.0098515,              0.0098515,              0.0098515
                      6,                0.93689,                 1.9486,                 2.6428,                 1.3352,                0.52605,                0.27942,                0.28006,                0.23644,                0.52903,                0.27442,                0.27362,                0.22733,                  1.049,                 2.2544,                   2.55,                 1.5478,               0.009802,               0.009802,               0.009802
                      7,                0.91196,                  1.904,                 2.5456,                 1.3111,                0.56302,                  0.286,                 0.3073,                0.25701,                0.56059,                0.28364,                0.30308,                0.24815,                 1.0446,                 2.2047,                 2.4313,                 1.5334,              0.0097525,              0.0097525,              0.0097525
                      8,                0.89509,                 1.8757,                 2.4765,                 1.2978,                0.55536,                0.32475,                0.34134,                0.28711,                0.55353,                0.32167,                0.33608,                0.28053,                 1.0321,                 2.1639,                 2.3749,                 1.5285,               0.009703,               0.009703,               0.009703
                      9,                0.89107,                 1.8666,                 2.4144,                 1.2961,                0.53313,                0.32309,                0.36521,                0.30604,                0.52989,                0.31875,                 0.3578,                0.29744,                 1.0177,                 2.1175,                 2.2642,                 1.5181,              0.0096535,              0.0096535,              0.0096535
                     10,                0.86406,                 1.8132,                 2.3604,                 1.2748,                0.54516,                0.32674,                0.36269,                0.30527,                0.54312,                0.32626,                0.35492,                0.29446,                0.99694,                   2.09,                 2.2225,                 1.4872,               0.009604,               0.009604,               0.009604
                     11,                0.86413,                 1.8159,                 2.3304,                 1.2734,                0.53729,                 0.3563,                0.38919,                0.32619,                0.53952,                 0.3523,                0.38426,                 0.3147,                0.98718,                 2.0656,                 2.1292,                 1.4792,              0.0095545,              0.0095545,              0.0095545
                     12,                0.85853,                 1.8132,                 2.2965,                 1.2665,                 0.5676,                0.35807,                0.39542,                0.33433,                0.56545,                0.35561,                0.38706,                0.31931,                0.99285,                  2.038,                 2.1217,                 1.4852,               0.009505,               0.009505,               0.009505
                     13,                0.85298,                  1.798,                 2.2654,                 1.2634,                0.58235,                0.34075,                 0.4108,                0.34366,                0.58002,                0.33976,                0.40323,                0.32859,                0.97686,                 2.0375,                 2.0563,                 1.4668,              0.0094555,              0.0094555,              0.0094555
                     14,                0.83673,                  1.763,                  2.227,                 1.2507,                0.52655,                 0.3862,                0.41252,                 0.3474,                0.52387,                0.37762,                0.40403,                0.32994,                  0.979,                 2.0299,                 2.0383,                 1.4689,               0.009406,               0.009406,               0.009406
                     15,                0.83396,                 1.7686,                 2.2096,                 1.2478,                0.51731,                0.38572,                0.42247,                0.35444,                0.52734,                 0.3747,                0.40916,                0.33691,                0.96901,                 2.0158,                 2.0217,                 1.4588,              0.0093565,              0.0093565,              0.0093565
                     16,                0.83381,                 1.7534,                 2.1825,                  1.244,                0.54358,                0.37164,                0.42561,                0.36142,                0.54002,                0.36835,                0.41905,                0.34536,                0.96246,                 2.0042,                  2.007,                 1.4522,               0.009307,               0.009307,               0.009307
                     17,                0.82893,                 1.7513,                  2.162,                 1.2402,                0.57477,                0.35689,                0.43021,                0.36606,                0.57051,                0.35443,                0.42339,                0.34928,                0.95785,                 1.9947,                 1.9876,                 1.4487,              0.0092575,              0.0092575,              0.0092575
                     18,                0.82939,                 1.7512,                 2.1488,                 1.2387,                0.56394,                 0.3545,                0.43133,                  0.366,                0.55988,                0.35115,                0.42348,                0.34871,                0.95512,                  1.989,                  1.979,                 1.4448,               0.009208,               0.009208,               0.009208
                     19,                 0.8215,                  1.722,                 2.1329,                  1.234,                0.54324,                0.37975,                0.43467,                0.36828,                0.53593,                0.37864,                0.42904,                0.35214,                0.95293,                 1.9862,                 1.9627,                 1.4409,              0.0091585,              0.0091585,              0.0091585
                     20,                0.82482,                  1.737,                  2.119,                 1.2363,                0.57138,                 0.3617,                 0.4381,                0.37197,                0.56734,                0.35835,                0.43136,                0.35557,                0.95216,                 1.9804,                 1.9537,                 1.4399,               0.009109,               0.009109,               0.009109
                     21,                0.82465,                  1.733,                 2.1154,                 1.2318,                0.52266,                0.39276,                0.44508,                 0.3767,                0.51851,                0.39057,                0.43849,                0.35992,                0.95169,                 1.9756,                 1.9376,                 1.4385,              0.0090595,              0.0090595,              0.0090595
                     22,                0.82062,                 1.7201,                 2.1027,                 1.2315,                0.55163,                0.37609,                0.44577,                0.37627,                 0.5479,                 0.3734,                0.44011,                0.36029,                0.95041,                 1.9719,                 1.9271,                 1.4363,                0.00901,                0.00901,                0.00901
                     23,                 0.8108,                 1.7018,                 2.0699,                 1.2279,                0.55131,                0.37282,                0.44851,                 0.3791,                0.54713,                0.37099,                 0.4416,                0.36163,                0.95106,                 1.9696,                 1.9216,                 1.4365,              0.0089605,              0.0089605,              0.0089605
                     24,                0.81918,                 1.7155,                 2.0863,                 1.2288,                0.55244,                0.37124,                0.45261,                0.38248,                0.54869,                0.36855,                0.44605,                0.36471,                0.95015,                 1.9647,                 1.9138,                 1.4352,               0.008911,               0.008911,               0.008911
                     25,                0.81306,                 1.7065,                 2.0524,                 1.2236,                 0.5618,                0.37198,                0.45158,                0.38229,                0.55807,                0.36941,                0.44552,                0.36431,                0.94931,                 1.9606,                 1.9065,                 1.4332,              0.0088615,              0.0088615,              0.0088615
                     26,                0.80787,                  1.695,                 2.0429,                  1.218,                0.53407,                 0.4012,                0.45343,                0.38383,                0.53046,                0.39851,                 0.4473,                0.36633,                0.94732,                  1.958,                 1.8969,                 1.4303,               0.008812,               0.008812,               0.008812
                     27,                0.80599,                  1.689,                  2.027,                 1.2186,                0.54157,                0.39885,                0.45451,                  0.385,                0.53734,                0.39694,                0.44835,                0.36694,                0.94562,                 1.9537,                 1.8884,                 1.4285,              0.0087625,              0.0087625,              0.0087625
                     28,                0.80502,                 1.6882,                 2.0089,                 1.2186,                  0.547,                0.39648,                0.45694,                  0.387,                0.54332,                0.39391,                0.45087,                0.36831,                0.94464,                  1.948,                 1.8818,                 1.4275,               0.008713,               0.008713,               0.008713
                     29,                0.80726,                 1.6818,                 2.0178,                 1.2173,                0.54419,                0.39687,                0.45761,                 0.3873,                0.54053,                 0.3943,                0.45097,                0.36834,                0.94375,                  1.945,                 1.8734,                 1.4266,              0.0086635,              0.0086635,              0.0086635
                     30,                0.80182,                 1.6751,                 2.0036,                 1.2126,                0.55158,                0.39613,                0.45911,                0.38832,                0.54748,                 0.3943,                0.45229,                0.36977,                0.94384,                 1.9424,                 1.8678,                 1.4264,               0.008614,               0.008614,               0.008614
                     31,                0.80525,                 1.6837,                 2.0044,                 1.2149,                0.54642,                0.40373,                0.45949,                0.38845,                0.54236,                0.40198,                0.45245,                0.37084,                0.94218,                 1.9397,                 1.8591,                 1.4246,              0.0085645,              0.0085645,              0.0085645
                     32,                0.80326,                 1.6816,                 1.9949,                 1.2131,                0.54233,                0.40335,                0.46367,                0.39139,                0.53855,                0.40061,                0.45596,                0.37377,                0.94096,                 1.9384,                 1.8499,                 1.4236,               0.008515,               0.008515,               0.008515
                     33,                 0.8017,                  1.676,                 1.9739,                 1.2125,                0.53835,                0.40816,                0.46778,                 0.3953,                0.53549,                  0.404,                0.46048,                0.37698,                0.93898,                 1.9347,                 1.8433,                 1.4211,              0.0084655,              0.0084655,              0.0084655
                     34,                0.80124,                 1.6733,                 1.9707,                 1.2093,                0.53991,                0.40972,                0.46827,                0.39539,                0.53601,                0.40683,                0.46027,                 0.3766,                0.93717,                 1.9329,                 1.8356,                 1.4194,               0.008416,               0.008416,               0.008416
                     35,                0.79294,                 1.6558,                 1.9605,                 1.2061,                0.53601,                0.41226,                0.47528,                0.40113,                 0.5323,                0.40957,                0.46772,                0.38267,                0.93541,                 1.9296,                 1.8269,                  1.418,              0.0083665,              0.0083665,              0.0083665
                     36,                0.79472,                 1.6652,                 1.9562,                 1.2059,                0.53333,                0.41512,                0.47775,                0.40362,                0.52939,                0.41217,                0.46993,                0.38486,                0.93456,                 1.9272,                 1.8176,                 1.4179,               0.008317,               0.008317,               0.008317
                     37,                0.79239,                 1.6497,                 1.9491,                 1.2036,                0.50932,                0.43982,                0.48152,                0.40747,                0.51044,                0.43122,                0.47359,                0.38824,                 0.9332,                 1.9264,                 1.8111,                 1.4164,              0.0082675,              0.0082675,              0.0082675
                     38,                0.79156,                 1.6551,                 1.9383,                 1.2048,                0.50955,                0.44062,                0.48308,                0.40919,                0.50584,                0.43135,                0.47503,                0.38964,                0.93134,                 1.9233,                 1.8042,                 1.4147,               0.008218,               0.008218,               0.008218
                     39,                0.79017,                 1.6372,                 1.9222,                 1.2023,                0.51427,                0.44467,                0.48682,                0.41251,                0.50557,                0.44129,                0.47908,                0.39321,                0.93065,                   1.92,                 1.7969,                 1.4138,              0.0081685,              0.0081685,              0.0081685
                     40,                0.79221,                 1.6455,                  1.931,                 1.2018,                0.51978,                0.44073,                0.48916,                0.41461,                0.51636,                0.43589,                0.48095,                0.39521,                0.92933,                 1.9163,                 1.7877,                 1.4122,               0.008119,               0.008119,               0.008119
                     41,                0.79162,                 1.6427,                 1.9268,                 1.2019,                0.48702,                0.46077,                0.49416,                0.41911,                0.49021,                0.45377,                0.48568,                0.39842,                0.92964,                 1.9145,                 1.7792,                 1.4114,              0.0080695,              0.0080695,              0.0080695
                     42,                0.78856,                 1.6289,                  1.903,                 1.1996,                 0.4888,                 0.4626,                0.49621,                0.42036,                0.48545,                 0.4581,                0.48851,                0.40016,                0.92802,                 1.9099,                 1.7703,                 1.4089,                0.00802,                0.00802,                0.00802
                     43,                 0.7907,                 1.6359,                 1.9104,                 1.2018,                0.50175,                0.45758,                0.50016,                0.42365,                0.49823,                0.45312,                0.49209,                0.40408,                0.92688,                  1.906,                  1.761,                 1.4074,              0.0079705,              0.0079705,              0.0079705
                     44,                0.79074,                 1.6468,                 1.9152,                 1.2013,                0.52857,                0.44869,                0.50356,                0.42632,                0.52429,                0.44439,                0.49518,                0.40635,                0.92627,                 1.9022,                  1.752,                 1.4056,               0.007921,               0.007921,               0.007921
                     45,                0.79359,                 1.6476,                 1.9123,                 1.1993,                0.51473,                 0.4582,                0.50422,                 0.4272,                0.51162,                0.45327,                0.49575,                0.40726,                0.92397,                 1.8981,                 1.7403,                  1.403,              0.0078715,              0.0078715,              0.0078715
                     46,                0.78325,                 1.6268,                 1.8814,                 1.1959,                0.51804,                0.46314,                0.50772,                 0.4307,                0.51423,                 0.4588,                0.49919,                0.40929,                0.92338,                 1.8935,                 1.7327,                 1.4015,               0.007822,               0.007822,               0.007822
                     47,                0.78944,                 1.6361,                 1.9018,                 1.1962,                0.53355,                0.45662,                0.51104,                0.43388,                0.53044,                0.45152,                0.50229,                0.41272,                0.92186,                 1.8894,                 1.7243,                 1.3996,              0.0077725,              0.0077725,              0.0077725
                     48,                0.78397,                 1.6186,                  1.862,                 1.1934,                0.54017,                0.45999,                   0.51,                0.43431,                 0.5501,                0.44728,                0.50134,                 0.4126,                 0.9203,                 1.8878,                  1.716,                 1.3978,               0.007723,               0.007723,               0.007723
                     49,                0.78578,                 1.6241,                 1.8852,                 1.1967,                0.52807,                0.46297,                0.51187,                0.43615,                0.52432,                0.45868,                0.50322,                0.41412,                0.91917,                 1.8837,                 1.7085,                 1.3959,              0.0076735,              0.0076735,              0.0076735
                     50,                0.78623,                 1.6249,                 1.8745,                 1.1947,                0.53746,                0.47121,                0.51605,                0.44036,                0.53346,                0.46683,                 0.5073,                0.41829,                0.91897,                  1.878,                 1.7017,                 1.3955,               0.007624,               0.007624,               0.007624
                     51,                0.78085,                  1.623,                 1.8615,                 1.1936,                0.52936,                0.47165,                0.52269,                0.44592,                0.52542,                0.46716,                0.51398,                0.42371,                0.91793,                 1.8725,                 1.6922,                 1.3934,              0.0075745,              0.0075745,              0.0075745
                     52,                0.77927,                 1.6167,                 1.8517,                 1.1901,                0.54753,                0.47087,                0.52559,                0.44822,                0.54333,                0.46612,                0.51688,                0.42614,                0.91614,                 1.8653,                 1.6823,                 1.3915,               0.007525,               0.007525,               0.007525
                     53,                0.78231,                 1.6189,                  1.855,                  1.193,                0.54893,                0.46649,                0.53195,                0.45473,                0.54601,                0.46108,                 0.5224,                0.43111,                0.91417,                 1.8608,                 1.6723,                 1.3891,              0.0074755,              0.0074755,              0.0074755
                     54,                0.77788,                 1.6066,                 1.8385,                 1.1905,                0.55232,                0.46376,                0.53109,                0.45335,                0.54818,                  0.459,                  0.522,                0.42973,                0.91147,                 1.8589,                 1.6608,                 1.3862,               0.007426,               0.007426,               0.007426
                     55,                0.78117,                 1.6107,                  1.846,                 1.1915,                0.53429,                0.48719,                0.53552,                0.45627,                0.52972,                0.48302,                0.52579,                0.43315,                0.91112,                 1.8557,                 1.6525,                 1.3856,              0.0073765,              0.0073765,              0.0073765
                     56,                0.78071,                 1.6153,                 1.8417,                 1.1893,                0.54995,                0.48149,                0.53755,                0.45731,                0.53865,                0.48253,                0.52876,                0.43553,                0.90988,                 1.8515,                 1.6433,                 1.3841,               0.007327,               0.007327,               0.007327
                     57,                  0.774,                 1.6035,                  1.832,                 1.1866,                0.55936,                0.48072,                0.54284,                0.46209,                0.55617,                0.47693,                0.53435,                0.43926,                 0.9086,                 1.8467,                 1.6338,                 1.3828,              0.0072775,              0.0072775,              0.0072775
                     58,                0.77657,                 1.6026,                 1.8245,                 1.1877,                0.56798,                 0.4829,                0.54273,                0.46278,                 0.5647,                0.47911,                0.53383,                0.43888,                0.90712,                 1.8441,                 1.6225,                 1.3807,               0.007228,               0.007228,               0.007228
                     59,                0.77535,                 1.6023,                 1.8179,                 1.1855,                0.57097,                0.47913,                0.54712,                0.46556,                0.56771,                0.47533,                0.53821,                0.44244,                0.90562,                   1.84,                 1.6107,                 1.3792,              0.0071785,              0.0071785,              0.0071785
                     60,                0.77142,                 1.5968,                 1.8091,                 1.1841,                0.57247,                0.47815,                0.54829,                0.46686,                 0.5109,                0.50134,                0.54153,                 0.4436,                0.90597,                 1.8358,                 1.6025,                 1.3791,               0.007129,               0.007129,               0.007129
                     61,                0.77048,                 1.5844,                 1.7995,                  1.182,                0.53289,                0.49712,                0.55218,                0.46962,                0.51669,                0.50117,                0.54537,                0.44582,                0.90606,                  1.832,                 1.5944,                 1.3786,              0.0070795,              0.0070795,              0.0070795
                     62,                0.77534,                 1.5914,                 1.8046,                  1.185,                0.56039,                0.49138,                 0.5569,                0.47362,                0.53647,                0.49103,                0.55011,                0.44906,                 0.9071,                  1.828,                 1.5874,                 1.3792,                0.00703,                0.00703,                0.00703
                     63,                0.77182,                 1.5786,                  1.793,                 1.1814,                 0.5583,                0.48705,                0.55869,                0.47382,                0.54055,                0.48965,                0.55205,                0.44952,                0.90607,                 1.8251,                 1.5759,                 1.3777,              0.0069805,              0.0069805,              0.0069805
                     64,                0.77332,                 1.5929,                 1.8077,                 1.1859,                0.57217,                0.48791,                0.56493,                0.47982,                0.50647,                0.51016,                0.55814,                0.45494,                0.90428,                 1.8212,                 1.5677,                 1.3755,               0.006931,               0.006931,               0.006931
                     65,                0.77053,                 1.5831,                 1.7906,                 1.1818,                0.51316,                0.51193,                0.57399,                0.48618,                0.50309,                0.50965,                0.56739,                0.46104,                 0.9033,                 1.8179,                 1.5599,                  1.374,              0.0068815,              0.0068815,              0.0068815
                     66,                0.76719,                 1.5758,                 1.7816,                 1.1798,                 0.5286,                0.51039,                 0.5772,                0.48901,                0.51726,                0.50749,                0.57053,                0.46312,                0.90264,                 1.8147,                 1.5513,                 1.3727,               0.006832,               0.006832,               0.006832
                     67,                0.77375,                 1.5876,                 1.7937,                  1.183,                0.54888,                 0.5061,                0.57466,                0.48698,                0.51722,                0.50745,                0.56818,                0.46098,                0.90171,                 1.8115,                 1.5435,                 1.3709,              0.0067825,              0.0067825,              0.0067825
                     68,                0.76486,                 1.5697,                 1.7694,                  1.182,                0.54352,                0.50583,                0.57593,                0.48873,                0.51559,                0.50732,                 0.5696,                 0.4617,                0.90041,                 1.8067,                 1.5359,                 1.3689,               0.006733,               0.006733,               0.006733
                     69,                0.76892,                 1.5798,                 1.7686,                 1.1811,                0.54905,                0.50338,                0.57626,                0.48941,                0.54628,                0.49962,                0.56967,                0.46227,                0.89985,                 1.8042,                 1.5279,                 1.3683,              0.0066835,              0.0066835,              0.0066835
                     70,                0.76445,                 1.5643,                 1.7609,                 1.1782,                 0.5564,                0.50484,                0.57723,                0.49049,                0.55371,                0.50114,                0.56811,                0.46229,                0.89938,                 1.8002,                 1.5219,                 1.3675,               0.006634,               0.006634,               0.006634
                     71,                0.76253,                 1.5691,                 1.7615,                 1.1773,                0.55755,                0.50499,                0.57977,                0.49346,                0.55561,                0.50171,                0.57026,                0.46543,                 0.8981,                 1.7981,                 1.5135,                 1.3667,              0.0065845,              0.0065845,              0.0065845
                     72,                0.75981,                  1.559,                 1.7459,                 1.1729,                0.52333,                0.51866,                0.58215,                0.49456,                0.52142,                0.51533,                 0.5709,                0.46612,                0.89663,                  1.793,                 1.5083,                 1.3653,               0.006535,               0.006535,               0.006535
                     73,                0.76282,                 1.5696,                 1.7496,                 1.1777,                0.55668,                0.51166,                0.58652,                0.49774,                0.55477,                0.50839,                0.57472,                0.46771,                0.89546,                 1.7892,                 1.4997,                 1.3639,              0.0064855,              0.0064855,              0.0064855
                     74,                0.76119,                 1.5633,                 1.7493,                 1.1761,                0.55241,                0.51644,                0.58932,                0.50017,                0.55049,                0.51312,                0.57735,                0.47018,                0.89341,                 1.7852,                 1.4928,                 1.3616,               0.006436,               0.006436,               0.006436
                     75,                0.75988,                 1.5493,                 1.7305,                  1.173,                0.58816,                0.50723,                0.59382,                0.50411,                0.58631,                0.50407,                0.58189,                0.47295,                0.89276,                 1.7823,                 1.4843,                  1.361,              0.0063865,              0.0063865,              0.0063865
                     76,                0.75804,                 1.5506,                 1.7393,                 1.1706,                0.55272,                0.51673,                0.59878,                0.51023,                0.55078,                0.51338,                0.58656,                0.47886,                0.89175,                 1.7786,                 1.4737,                 1.3596,               0.006337,               0.006337,               0.006337
                     77,                0.76004,                 1.5493,                  1.733,                 1.1728,                0.56416,                0.51597,                0.60029,                0.51222,                0.56217,                0.51258,                0.58903,                0.48038,                0.89029,                 1.7761,                 1.4661,                 1.3582,              0.0062875,              0.0062875,              0.0062875
                     78,                0.75892,                  1.559,                 1.7263,                 1.1739,                0.55371,                0.52693,                0.60326,                0.51373,                0.55183,                0.52364,                0.59197,                0.48175,                0.88796,                 1.7728,                 1.4588,                  1.356,               0.006238,               0.006238,               0.006238
                     79,                 0.7556,                 1.5497,                 1.7265,                 1.1724,                0.54168,                0.53305,                0.60768,                0.51751,                0.53981,                0.52977,                0.59657,                0.48458,                0.88692,                 1.7695,                 1.4512,                 1.3549,              0.0061885,              0.0061885,              0.0061885
                     80,                 0.7565,                 1.5473,                  1.726,                  1.174,                0.56217,                0.52932,                0.61047,                0.52116,                0.56028,                0.52604,                0.59976,                0.48783,                0.88708,                 1.7679,                 1.4417,                 1.3552,               0.006139,               0.006139,               0.006139
                     81,                0.75804,                 1.5455,                 1.7186,                 1.1712,                0.56316,                0.53483,                 0.6127,                0.52251,                 0.5615,                0.52983,                0.60213,                0.48985,                0.88648,                 1.7648,                 1.4335,                 1.3542,              0.0060895,              0.0060895,              0.0060895
                     82,                0.75777,                 1.5462,                 1.7047,                 1.1707,                0.56995,                0.54266,                0.61761,                0.52674,                 0.5678,                0.53768,                0.60752,                 0.4927,                0.88543,                 1.7613,                 1.4259,                 1.3528,                0.00604,                0.00604,                0.00604
                     83,                0.75478,                 1.5373,                 1.6952,                 1.1683,                 0.5568,                0.55004,                0.62134,                0.52897,                0.55487,                0.54178,                 0.6079,                0.49356,                0.88479,                 1.7584,                 1.4163,                 1.3516,              0.0059905,              0.0059905,              0.0059905
                     84,                0.75185,                  1.529,                 1.6884,                 1.1672,                0.55924,                0.55369,                0.62248,                0.53002,                0.55781,                0.54881,                0.61011,                0.49556,                0.88244,                 1.7549,                 1.4063,                 1.3489,               0.005941,               0.005941,               0.005941
                     85,                  0.753,                 1.5374,                 1.6888,                 1.1683,                0.56482,                0.55621,                0.62493,                0.53298,                0.56546,                0.55151,                0.61443,                0.49874,                 0.8794,                 1.7517,                 1.3967,                 1.3462,              0.0058915,              0.0058915,              0.0058915
                     86,                0.75246,                 1.5383,                 1.6907,                   1.17,                0.56486,                0.55768,                0.62766,                0.53457,                 0.5637,                0.55371,                0.61645,                0.50052,                0.87773,                 1.7477,                 1.3898,                 1.3449,               0.005842,               0.005842,               0.005842
                     87,                0.75086,                 1.5291,                 1.6809,                 1.1679,                0.56602,                0.56318,                0.62832,                0.53361,                0.56745,                0.55951,                0.61822,                0.50085,                0.87407,                 1.7445,                 1.3823,                 1.3421,              0.0057925,              0.0057925,              0.0057925
                     88,                0.74907,                  1.519,                 1.6637,                 1.1631,                0.56031,                0.57135,                0.63153,                 0.5373,                 0.5648,                0.56631,                0.62129,                0.50389,                0.87072,                 1.7417,                 1.3744,                  1.339,               0.005743,               0.005743,               0.005743
                     89,                0.75203,                 1.5307,                 1.6802,                 1.1659,                 0.5745,                0.56554,                0.63426,                0.53895,                0.57565,                0.56106,                0.62405,                0.50629,                0.86811,                 1.7371,                 1.3661,                 1.3363,              0.0056935,              0.0056935,              0.0056935
                     90,                0.75023,                 1.5276,                 1.6647,                 1.1677,                0.59637,                0.56328,                0.63739,                0.54216,                0.59594,                0.55789,                0.62483,                0.50936,                0.86622,                 1.7337,                  1.356,                  1.334,               0.005644,               0.005644,               0.005644
                     91,                0.74977,                 1.5321,                 1.6746,                  1.166,                0.59759,                0.56515,                0.63802,                0.54285,                0.59248,                0.56462,                 0.6255,                0.50938,                0.86555,                 1.7311,                 1.3494,                 1.3335,              0.0055945,              0.0055945,              0.0055945
                     92,                0.74981,                 1.5277,                 1.6512,                  1.165,                0.59764,                0.57301,                 0.6406,                0.54494,                0.59718,                0.56483,                0.62913,                0.51172,                0.86347,                 1.7287,                 1.3412,                 1.3315,               0.005545,               0.005545,               0.005545
                     93,                0.74576,                 1.5164,                 1.6496,                 1.1638,                0.60366,                0.57548,                0.64442,                0.54808,                0.60154,                 0.5678,                0.63485,                0.51516,                0.86241,                 1.7248,                 1.3338,                 1.3303,              0.0054955,              0.0054955,              0.0054955
                     94,                0.74657,                 1.5118,                  1.645,                 1.1626,                0.60415,                0.57099,                0.64865,                0.55028,                 0.6018,                0.56598,                0.63718,                0.51504,                  0.861,                  1.721,                 1.3261,                 1.3282,               0.005446,               0.005446,               0.005446
                     95,                0.74149,                 1.5067,                  1.629,                 1.1598,                0.60832,                0.57433,                0.65171,                0.55242,                0.60731,                0.57279,                0.64365,                0.51798,                0.85944,                 1.7168,                 1.3196,                 1.3261,              0.0053965,              0.0053965,              0.0053965
                     96,                0.73923,                 1.5008,                 1.6248,                 1.1582,                0.61085,                 0.5743,                 0.6521,                0.55302,                0.60917,                 0.5717,                 0.6441,                0.51788,                0.85913,                 1.7136,                 1.3111,                 1.3251,               0.005347,               0.005347,               0.005347
                     97,                0.74708,                 1.5123,                   1.63,                 1.1619,                0.61152,                0.57325,                0.65561,                0.55542,                 0.6098,                0.57056,                0.64747,                0.52251,                 0.8587,                 1.7114,                  1.305,                 1.3244,              0.0052975,              0.0052975,              0.0052975
                     98,                0.73896,                  1.502,                 1.6139,                 1.1577,                0.60899,                0.57998,                0.65958,                0.55808,                0.60726,                0.57735,                0.65124,                0.52448,                0.85821,                 1.7089,                 1.2985,                 1.3238,               0.005248,               0.005248,               0.005248
                     99,                0.73783,                 1.4947,                 1.6086,                 1.1558,                0.57749,                0.59983,                0.66618,                0.56202,                0.61031,                0.57649,                 0.6576,                0.52839,                0.85754,                 1.7043,                 1.2901,                 1.3225,              0.0051985,              0.0051985,              0.0051985
                    100,                0.73753,                 1.4987,                 1.6136,                 1.1581,                0.57781,                0.60589,                0.66441,                0.56301,                0.57858,                0.59773,                0.65213,                0.52792,                0.85797,                  1.701,                 1.2828,                  1.322,               0.005149,               0.005149,               0.005149
                    101,                0.73884,                 1.5036,                 1.6106,                  1.161,                0.56123,                0.61909,                0.67223,                0.56759,                0.58194,                0.60301,                0.66385,                0.53404,                0.85743,                  1.698,                 1.2738,                 1.3213,              0.0050995,              0.0050995,              0.0050995
                    102,                0.73785,                 1.4941,                  1.605,                  1.158,                0.59167,                0.61175,                0.67617,                0.57053,                0.59067,                0.60727,                0.66673,                0.53572,                0.85838,                 1.6935,                  1.267,                 1.3214,                0.00505,                0.00505,                0.00505
                    103,                0.73633,                 1.4881,                 1.5998,                 1.1562,                0.58938,                  0.614,                0.68184,                0.57454,                0.59137,                0.60943,                0.67149,                0.53861,                0.85713,                 1.6908,                 1.2593,                 1.3206,              0.0050005,              0.0050005,              0.0050005
                    104,                0.73555,                 1.4883,                  1.592,                 1.1552,                0.59882,                0.61724,                0.69064,                0.58158,                0.59497,                0.61334,                0.67807,                0.54446,                0.85663,                 1.6888,                 1.2471,                 1.3196,               0.004951,               0.004951,               0.004951
                    105,                0.73386,                 1.4869,                 1.5799,                 1.1534,                0.59575,                0.62985,                0.69626,                0.58675,                0.60229,                 0.6238,                0.68299,                  0.548,                0.85734,                 1.6869,                 1.2398,                 1.3194,              0.0049015,              0.0049015,              0.0049015
                    106,                0.73091,                  1.482,                 1.5753,                 1.1522,                0.59853,                0.62768,                0.69683,                0.58698,                0.59867,                0.61835,                0.68329,                 0.5482,                0.85819,                 1.6841,                 1.2332,                  1.319,               0.004852,               0.004852,               0.004852
                    107,                0.72999,                 1.4779,                 1.5682,                 1.1526,                0.59225,                0.63914,                0.69736,                0.58864,                0.60177,                0.62017,                0.68403,                0.54927,                 0.8565,                  1.681,                 1.2246,                 1.3175,              0.0048025,              0.0048025,              0.0048025
                    108,                0.73559,                 1.4851,                  1.574,                 1.1545,                0.58712,                0.64651,                0.70256,                0.59139,                 0.5998,                0.63126,                0.69148,                0.55411,                0.85468,                 1.6785,                 1.2144,                 1.3157,               0.004753,               0.004753,               0.004753
                    109,                0.72765,                  1.479,                 1.5617,                 1.1519,                0.59973,                0.64026,                0.70907,                 0.5958,                 0.6058,                0.63051,                0.69786,                0.55741,                0.85354,                 1.6748,                 1.2057,                 1.3141,              0.0047035,              0.0047035,              0.0047035
                    110,                0.73315,                 1.4858,                 1.5706,                 1.1509,                0.61167,                0.63516,                0.70931,                0.59626,                0.61187,                0.63175,                0.69674,                 0.5569,                0.85148,                 1.6701,                 1.1967,                  1.312,               0.004654,               0.004654,               0.004654
                    111,                0.72998,                 1.4741,                 1.5462,                 1.1498,                0.61676,                0.64173,                0.71386,                0.59841,                0.61979,                0.62477,                0.69965,                0.55947,                0.85042,                 1.6681,                 1.1873,                 1.3108,              0.0046045,              0.0046045,              0.0046045
                    112,                0.72754,                 1.4645,                  1.543,                 1.1503,                0.61852,                0.63743,                0.72069,                0.60497,                0.63092,                0.62247,                0.70678,                0.56418,                0.84839,                 1.6654,                 1.1773,                 1.3092,               0.004555,               0.004555,               0.004555
                    113,                0.72396,                 1.4616,                 1.5383,                 1.1472,                0.62022,                0.64312,                0.72457,                0.60835,                0.64593,                0.61621,                 0.7108,                0.56774,                0.84741,                 1.6612,                 1.1681,                 1.3079,              0.0045055,              0.0045055,              0.0045055
                    114,                 0.7216,                 1.4603,                  1.533,                 1.1473,                0.63693,                0.62818,                0.72325,                0.60778,                0.65648,                0.61354,                0.71179,                0.56825,                0.84623,                  1.657,                 1.1593,                 1.3064,               0.004456,               0.004456,               0.004456
                    115,                0.72663,                 1.4721,                   1.53,                 1.1486,                0.64265,                0.63345,                0.72715,                0.61128,                0.65881,                0.61537,                0.71406,                0.57065,                0.84474,                 1.6528,                 1.1509,                 1.3048,              0.0044065,              0.0044065,              0.0044065
                    116,                0.72681,                  1.471,                 1.5288,                 1.1496,                0.63189,                0.64572,                0.73036,                0.61416,                 0.6451,                0.62631,                0.71742,                0.57281,                 0.8431,                 1.6502,                 1.1394,                 1.3025,               0.004357,               0.004357,               0.004357
                    117,                0.72248,                 1.4653,                 1.5168,                 1.1429,                0.62812,                0.65144,                0.73172,                0.61526,                0.63463,                0.63628,                0.71919,                0.57465,                0.84066,                 1.6464,                 1.1295,                 1.2996,              0.0043075,              0.0043075,              0.0043075
                    118,                 0.7232,                 1.4613,                  1.508,                 1.1461,                0.61936,                0.65407,                0.73329,                0.61817,                0.61974,                0.64002,                0.72217,                0.57733,                0.83849,                  1.643,                 1.1196,                 1.2979,               0.004258,               0.004258,               0.004258
                    119,                0.71862,                 1.4523,                 1.4969,                 1.1427,                0.61894,                0.65912,                0.73646,                 0.6207,                0.63388,                0.63848,                 0.7263,                0.58059,                0.83681,                 1.6405,                 1.1112,                 1.2973,              0.0042085,              0.0042085,              0.0042085
                    120,                 0.7123,                  1.443,                 1.4873,                 1.1408,                 0.5868,                0.68539,                 0.7386,                0.62229,                 0.6237,                0.65064,                 0.7282,                0.58245,                0.83533,                 1.6372,                  1.102,                 1.2958,               0.004159,               0.004159,               0.004159
                    121,                0.71943,                  1.452,                 1.4922,                  1.143,                0.59187,                 0.6959,                0.73693,                0.62212,                0.61079,                0.65927,                0.72702,                0.58122,                0.83395,                 1.6345,                  1.095,                 1.2941,              0.0041095,              0.0041095,              0.0041095
                    122,                 0.7142,                 1.4411,                 1.4886,                 1.1406,                0.59526,                0.69436,                0.74226,                0.62738,                0.58605,                0.68197,                0.73277,                0.58506,                0.83238,                 1.6327,                 1.0873,                 1.2929,                0.00406,                0.00406,                0.00406
                    123,                0.72024,                 1.4445,                  1.484,                 1.1396,                0.60911,                0.69688,                0.74792,                0.63181,                0.59953,                0.68446,                0.73766,                0.58929,                0.83116,                 1.6284,                 1.0779,                 1.2914,              0.0040105,              0.0040105,              0.0040105
                    124,                0.71499,                 1.4434,                   1.48,                 1.1378,                0.61768,                0.69915,                0.75469,                0.63741,                0.60733,                0.68681,                0.74408,                 0.5949,                 0.8294,                 1.6247,                 1.0676,                 1.2895,               0.003961,               0.003961,               0.003961
                    125,                0.71366,                 1.4355,                 1.4646,                 1.1394,                0.62827,                 0.6892,                0.76003,                0.64107,                0.61779,                0.67724,                0.74754,                0.59681,                0.82881,                 1.6208,                 1.0594,                 1.2887,              0.0039115,              0.0039115,              0.0039115
                    126,                0.71256,                 1.4295,                 1.4668,                 1.1375,                0.63552,                0.70317,                0.76043,                0.64261,                 0.6245,                 0.6904,                0.74915,                0.59931,                0.82763,                 1.6175,                   1.05,                 1.2877,               0.003862,               0.003862,               0.003862
                    127,                0.70593,                 1.4186,                 1.4464,                 1.1346,                0.63693,                0.70347,                0.76378,                0.64638,                0.62533,                0.69117,                0.75214,                0.60222,                0.82634,                 1.6139,                 1.0403,                 1.2867,              0.0038125,              0.0038125,              0.0038125
                    128,                0.71066,                 1.4294,                 1.4441,                 1.1349,                0.64125,                 0.7021,                0.76827,                0.65155,                0.63015,                0.68964,                0.75731,                0.60551,                0.82483,                   1.61,                 1.0299,                 1.2855,               0.003763,               0.003763,               0.003763
                    129,                0.71055,                 1.4271,                 1.4469,                 1.1382,                0.64897,                0.70082,                0.77068,                0.65281,                0.63805,                0.68797,                0.75984,                0.60751,                0.82295,                 1.6052,                 1.0214,                 1.2842,              0.0037135,              0.0037135,              0.0037135
                    130,                0.70611,                 1.4244,                 1.4344,                 1.1343,                 0.6353,                0.71141,                0.77367,                0.65505,                0.62411,                 0.6982,                0.76219,                0.60944,                0.82004,                 1.6016,                  1.011,                 1.2822,               0.003664,               0.003664,               0.003664
                    131,                0.70936,                 1.4266,                 1.4251,                 1.1357,                0.64027,                 0.7161,                0.77864,                0.65635,                0.62196,                0.70248,                0.76434,                0.61004,                0.81778,                 1.5971,                 1.0022,                 1.2809,              0.0036145,              0.0036145,              0.0036145
                    132,                0.70225,                 1.4057,                 1.4215,                 1.1292,                 0.6439,                0.71835,                 0.7834,                0.66153,                0.63094,                0.70403,                0.77009,                 0.6151,                0.81595,                 1.5928,                0.99441,                 1.2796,               0.003565,               0.003565,               0.003565
                    133,                0.70452,                 1.4042,                 1.4074,                 1.1316,                 0.6336,                 0.7298,                0.78585,                0.66228,                0.62225,                0.71428,                0.77133,                0.61535,                0.81501,                 1.5897,                0.98826,                 1.2792,              0.0035155,              0.0035155,              0.0035155
                    134,                0.70524,                 1.4195,                 1.4126,                 1.1332,                0.63037,                 0.7368,                0.78715,                0.66296,                0.62088,                0.72201,                0.77371,                0.61655,                0.81312,                  1.586,                0.97839,                 1.2783,               0.003466,               0.003466,               0.003466
                    135,                0.69771,                 1.4025,                 1.3904,                 1.1272,                0.62015,                0.74989,                0.78937,                 0.6656,                0.60997,                0.73509,                0.77587,                0.61793,                0.81229,                 1.5819,                0.97065,                 1.2766,              0.0034165,              0.0034165,              0.0034165
                    136,                0.70019,                 1.3946,                 1.3876,                 1.1306,                0.63589,                0.74507,                0.79178,                0.66678,                 0.6258,                0.72964,                0.77766,                0.61901,                0.81014,                 1.5776,                0.96141,                 1.2746,               0.003367,               0.003367,               0.003367
                    137,                0.69911,                 1.3999,                 1.3906,                 1.1271,                0.63166,                0.75729,                0.79592,                0.67125,                0.62234,                0.74212,                0.78257,                0.62433,                0.80822,                 1.5742,                0.95326,                 1.2734,              0.0033175,              0.0033175,              0.0033175
                    138,                0.69458,                 1.3953,                  1.383,                 1.1254,                0.64452,                0.75132,                0.79906,                0.67484,                0.63456,                0.73624,                0.78579,                0.62771,                0.80528,                 1.5697,                0.94424,                 1.2707,               0.003268,               0.003268,               0.003268
                    139,                0.69659,                 1.3987,                 1.3662,                 1.1278,                0.68304,                0.73797,                0.80197,                0.67887,                0.67279,                0.72366,                0.79022,                0.63162,                0.80382,                 1.5669,                0.93433,                 1.2692,              0.0032185,              0.0032185,              0.0032185
                    140,                0.69017,                 1.3803,                 1.3603,                 1.1208,                 0.6867,                   0.74,                 0.8057,                0.68234,                0.67735,                0.72545,                0.79281,                0.63316,                0.80194,                 1.5629,                0.92523,                 1.2672,               0.003169,               0.003169,               0.003169
                    141,                0.69294,                 1.3827,                  1.355,                 1.1248,                0.69101,                 0.7424,                0.80618,                0.68181,                0.68078,                0.72739,                0.79418,                0.63394,                0.79994,                 1.5592,                0.91325,                 1.2649,              0.0031195,              0.0031195,              0.0031195
                    142,                0.68894,                 1.3778,                 1.3468,                 1.1209,                0.68977,                 0.7512,                0.80917,                0.68401,                0.69595,                0.73171,                0.79568,                0.63518,                0.79796,                 1.5559,                0.90275,                 1.2628,                0.00307,                0.00307,                0.00307
                    143,                0.69274,                 1.3729,                 1.3418,                 1.1226,                0.71648,                  0.746,                0.81349,                0.68695,                0.70535,                0.73073,                0.80048,                0.63883,                0.79516,                 1.5517,                0.89191,                 1.2598,              0.0030205,              0.0030205,              0.0030205
                    144,                0.68686,                 1.3767,                 1.3327,                 1.1198,                 0.7179,                0.76081,                0.81879,                0.69342,                 0.7073,                0.74576,                0.80614,                0.64425,                0.79332,                 1.5475,                0.88085,                 1.2583,               0.002971,               0.002971,               0.002971
                    145,                0.68818,                 1.3756,                 1.3281,                 1.1187,                0.73171,                0.75298,                0.81954,                0.69468,                0.72144,                0.73859,                 0.8064,                0.64459,                 0.7922,                 1.5442,                0.87099,                 1.2569,              0.0029215,              0.0029215,              0.0029215
                    146,                0.68788,                 1.3708,                 1.3163,                 1.1201,                0.73439,                0.75584,                0.82216,                0.69886,                0.72445,                 0.7416,                0.81062,                0.64863,                0.79047,                  1.541,                0.86235,                  1.255,               0.002872,               0.002872,               0.002872
                    147,                0.68633,                 1.3681,                 1.3138,                 1.1171,                0.76507,                0.74171,                0.83041,                0.70358,                0.75445,                0.72856,                0.81786,                0.65352,                 0.7892,                 1.5376,                 0.8523,                 1.2536,              0.0028225,              0.0028225,              0.0028225
                    148,                0.68169,                 1.3596,                  1.307,                 1.1152,                 0.7784,                0.73917,                0.83623,                0.70974,                 0.7678,                0.72682,                0.82412,                0.65846,                0.78789,                 1.5345,                0.84237,                 1.2521,               0.002773,               0.002773,               0.002773
                    149,                0.67694,                  1.346,                 1.2945,                  1.112,                0.77358,                0.74803,                0.83919,                0.71253,                0.76407,                0.73687,                0.82767,                0.66135,                0.78481,                 1.5315,                0.82952,                 1.2493,              0.0027235,              0.0027235,              0.0027235
                    150,                0.68254,                 1.3537,                  1.287,                 1.1146,                0.77497,                0.75198,                  0.841,                0.71396,                0.76359,                0.74186,                0.82977,                0.66346,                0.78293,                 1.5286,                0.81865,                 1.2472,               0.002674,               0.002674,               0.002674
                    151,                 0.6814,                 1.3639,                  1.284,                  1.114,                0.77331,                0.75505,                0.84533,                0.71902,                0.76411,                0.74391,                0.83356,                0.66698,                0.78129,                  1.525,                0.80819,                 1.2452,              0.0026245,              0.0026245,              0.0026245
                    152,                0.67999,                 1.3517,                 1.2694,                 1.1145,                0.77705,                 0.7536,                 0.8493,                0.72143,                0.76783,                0.74241,                0.83742,                0.67023,                0.77944,                 1.5212,                0.79712,                 1.2425,               0.002575,               0.002575,               0.002575
                    153,                0.67242,                 1.3401,                 1.2636,                 1.1083,                0.77823,                0.75348,                0.85299,                0.72465,                0.76976,                0.74248,                0.84103,                  0.673,                0.77777,                 1.5169,                0.78718,                 1.2408,              0.0025255,              0.0025255,              0.0025255
                    154,                0.67409,                 1.3401,                 1.2477,                 1.1064,                0.77354,                0.76099,                0.85611,                0.72592,                  0.758,                  0.751,                0.84485,                0.67559,                0.77684,                 1.5139,                0.77675,                 1.2393,               0.002476,               0.002476,               0.002476
                    155,                 0.6705,                 1.3355,                 1.2472,                 1.1071,                0.77966,                0.76059,                0.85964,                0.72913,                0.76378,                0.75088,                0.84818,                 0.6787,                0.77403,                 1.5101,                0.76645,                 1.2368,              0.0024265,              0.0024265,              0.0024265
                    156,                0.66938,                 1.3358,                 1.2369,                 1.1076,                0.77854,                0.76312,                0.86393,                0.73308,                0.77003,                0.75191,                0.85219,                0.68241,                0.77045,                 1.5061,                0.75549,                 1.2339,               0.002377,               0.002377,               0.002377
                    157,                0.67166,                  1.336,                 1.2352,                 1.1078,                0.77013,                0.77163,                0.87048,                0.73662,                0.76164,                0.76031,                0.85863,                 0.6843,                0.76876,                 1.5025,                0.74686,                 1.2318,              0.0023275,              0.0023275,              0.0023275
                    158,                0.66821,                 1.3262,                 1.2205,                 1.1047,                0.75473,                0.78695,                0.87152,                0.74068,                0.74521,                0.77633,                0.86043,                0.68647,                0.76543,                 1.4986,                 0.7389,                  1.229,               0.002278,               0.002278,               0.002278
                    159,                0.66815,                 1.3297,                 1.2189,                 1.1057,                0.77339,                 0.7829,                 0.8724,                0.74232,                0.76371,                0.77259,                 0.8613,                0.68732,                0.76293,                 1.4945,                0.72856,                  1.227,              0.0022285,              0.0022285,              0.0022285
                    160,                0.66118,                 1.3176,                 1.2022,                 1.0991,                0.78708,                0.78007,                0.87432,                0.74373,                0.77892,                0.76892,                0.86351,                0.68865,                0.76128,                 1.4911,                0.71919,                 1.2259,               0.002179,               0.002179,               0.002179
                    161,                0.66619,                 1.3256,                 1.1959,                 1.1035,                0.79942,                 0.7767,                0.87836,                0.74772,                0.79111,                0.76555,                0.86776,                0.69141,                0.76046,                 1.4874,                0.71047,                 1.2251,              0.0021295,              0.0021295,              0.0021295
                    162,                0.65946,                 1.3034,                 1.1787,                 1.0995,                0.80912,                0.77569,                0.88469,                0.75309,                0.80071,                0.76454,                0.87204,                0.69477,                0.75803,                  1.484,                0.69982,                 1.2231,                0.00208,                0.00208,                0.00208
                    163,                0.66171,                 1.3164,                 1.1849,                 1.1003,                0.82979,                0.77409,                0.89028,                0.75682,                0.82128,                0.76822,                0.88106,                0.69977,                0.75601,                 1.4804,                0.68962,                 1.2212,              0.0020305,              0.0020305,              0.0020305
                    164,                0.65647,                 1.3024,                  1.169,                 1.0975,                0.84433,                0.76494,                0.89028,                0.75658,                0.81058,                0.76886,                0.87662,                0.70079,                0.75353,                 1.4762,                0.67872,                 1.2189,               0.001981,               0.001981,               0.001981
                    165,                0.65911,                 1.3065,                 1.1647,                 1.0979,                0.82292,                0.78071,                0.88843,                0.75674,                  0.808,                 0.7794,                0.87427,                0.69973,                0.75126,                 1.4718,                0.66693,                 1.2167,              0.0019315,              0.0019315,              0.0019315
                    166,                 0.6536,                 1.3054,                 1.1511,                 1.0943,                0.80715,                 0.7996,                0.89011,                0.75926,                0.79943,                0.78911,                0.87768,                0.70265,                0.74926,                 1.4683,                0.65729,                 1.2147,               0.001882,               0.001882,               0.001882
                    167,                0.65497,                 1.2955,                 1.1409,                 1.0952,                0.80878,                0.80521,                0.89639,                0.76506,                 0.8015,                0.79518,                0.88409,                 0.7082,                0.74628,                 1.4634,                0.64566,                 1.2118,              0.0018325,              0.0018325,              0.0018325
                    168,                0.65175,                 1.2902,                 1.1347,                 1.0958,                0.80531,                0.81304,                0.90076,                0.76813,                0.79758,                0.80251,                0.88751,                0.71106,                0.74344,                 1.4586,                0.63554,                 1.2092,               0.001783,               0.001783,               0.001783
                    169,                0.64214,                 1.2747,                 1.1201,                 1.0879,                 0.8222,                 0.8009,                0.90335,                0.76918,                0.81357,                0.79497,                0.88955,                0.71303,                0.74188,                  1.454,                0.62589,                 1.2068,              0.0017335,              0.0017335,              0.0017335
                    170,                0.64337,                 1.2721,                 1.1067,                 1.0864,                0.82699,                0.80455,                0.90764,                0.77364,                 0.8191,                0.79427,                0.89424,                0.71551,                0.73975,                 1.4494,                0.61813,                 1.2049,               0.001684,               0.001684,               0.001684
                    171,                0.64291,                 1.2829,                 1.0995,                 1.0878,                0.83973,                0.80347,                0.90845,                0.77449,                0.83172,                0.79325,                0.89573,                0.71714,                0.73721,                  1.445,                0.60817,                 1.2023,              0.0016345,              0.0016345,              0.0016345
                    172,                0.64467,                 1.2785,                 1.0927,                 1.0885,                0.81185,                0.82684,                0.91614,                0.77985,                0.80449,                0.81676,                0.90306,                0.72318,                0.73543,                 1.4407,                0.60013,                 1.2002,               0.001585,               0.001585,               0.001585
                    173,                0.64248,                 1.2672,                 1.0849,                 1.0874,                0.82151,                0.82989,                0.91898,                0.78228,                0.80711,                0.82152,                0.90514,                0.72496,                0.73339,                 1.4362,                0.59059,                 1.1983,              0.0015355,              0.0015355,              0.0015355
                    174,                0.63635,                 1.2644,                  1.073,                 1.0838,                 0.8299,                0.82806,                0.92168,                0.78564,                0.82212,                0.81788,                0.90988,                 0.7277,                0.73106,                 1.4317,                0.58266,                 1.1952,               0.001486,               0.001486,               0.001486
                    175,                0.63313,                 1.2614,                 1.0606,                 1.0823,                0.81235,                0.84409,                0.92792,                0.78771,                0.80348,                0.83272,                0.91093,                0.72968,                0.72778,                 1.4268,                0.57282,                  1.192,              0.0014365,              0.0014365,              0.0014365
                    176,                0.63157,                 1.2517,                 1.0496,                 1.0789,                0.81959,                0.84606,                0.93003,                0.79029,                 0.8122,                0.83612,                0.91482,                 0.7308,                0.72444,                 1.4225,                0.56349,                  1.188,               0.001387,               0.001387,               0.001387
                    177,                 0.6333,                 1.2507,                 1.0413,                 1.0824,                0.82304,                0.84967,                0.93128,                 0.7916,                0.81306,                0.83763,                0.91399,                0.73074,                0.72135,                 1.4176,                0.55434,                 1.1855,              0.0013375,              0.0013375,              0.0013375
                    178,                0.62831,                 1.2423,                 1.0395,                 1.0762,                0.83576,                0.84829,                0.93338,                0.79365,                0.82913,                0.83106,                0.91587,                0.73256,                0.71864,                 1.4129,                0.54534,                 1.1831,               0.001288,               0.001288,               0.001288
                    179,                0.62464,                 1.2427,                 1.0128,                 1.0747,                0.84577,                0.84229,                0.93513,                0.79643,                0.83452,                0.83008,                0.91842,                0.73535,                0.71632,                 1.4084,                0.53853,                 1.1811,              0.0012385,              0.0012385,              0.0012385
                    180,                0.62173,                 1.2326,                 1.0144,                 1.0744,                0.85444,                0.84339,                0.93757,                0.79846,                0.84312,                0.83112,                0.92071,                0.73677,                0.71407,                 1.4035,                0.53128,                 1.1786,               0.001189,               0.001189,               0.001189
                    181,                0.61791,                 1.2198,                 1.0094,                 1.0706,                0.85886,                0.84522,                0.94113,                0.80141,                 0.8475,                0.83283,                0.92395,                0.73863,                0.71157,                 1.3989,                0.52288,                 1.1762,              0.0011395,              0.0011395,              0.0011395
                    182,                0.61867,                  1.225,                0.99154,                  1.073,                0.86422,                0.84825,                0.94188,                0.80313,                0.85257,                0.83612,                0.92419,                0.73963,                0.70829,                 1.3943,                0.51514,                 1.1733,                0.00109,                0.00109,                0.00109
                    183,                0.61527,                 1.2263,                0.98231,                 1.0697,                0.86763,                0.85317,                 0.9445,                0.80492,                0.85653,                0.84108,                0.92716,                0.74152,                0.70627,                   1.39,                0.50743,                 1.1707,              0.0010405,              0.0010405,              0.0010405
                    184,                0.61402,                 1.2183,                0.97741,                 1.0668,                0.85088,                0.86703,                 0.9442,                0.80827,                0.84127,                0.85595,                0.93022,                0.74337,                0.70285,                 1.3851,                0.50021,                 1.1673,               0.000991,               0.000991,               0.000991
                    185,                0.60783,                 1.2102,                0.96085,                 1.0626,                0.85567,                0.86672,                0.94478,                0.80867,                0.84685,                0.85597,                0.93032,                0.74442,                0.70055,                 1.3805,                0.49315,                 1.1647,              0.0009415,              0.0009415,              0.0009415
                    186,                0.60763,                  1.204,                0.95507,                 1.0626,                0.85915,                0.87269,                0.94757,                0.81165,                0.85053,                0.86217,                0.93381,                0.74623,                0.69658,                 1.3756,                0.48494,                 1.1612,               0.000892,               0.000892,               0.000892
                    187,                0.60902,                 1.1988,                0.94291,                 1.0645,                0.86611,                0.86921,                0.95081,                0.81358,                0.85658,                 0.8582,                 0.9365,                0.74857,                0.69206,                  1.371,                0.47746,                 1.1573,              0.0008425,              0.0008425,              0.0008425
                    188,                0.60534,                 1.2001,                0.94038,                 1.0631,                0.90153,                0.84722,                0.95135,                0.81437,                 0.8919,                0.83659,                0.93733,                0.74982,                0.68868,                 1.3661,                 0.4703,                 1.1539,               0.000793,               0.000793,               0.000793
                    189,                  0.604,                 1.2004,                0.92575,                 1.0597,                0.88117,                0.86514,                0.95299,                0.81626,                0.87155,                0.85418,                0.93924,                0.75142,                 0.6858,                 1.3613,                0.46263,                 1.1506,              0.0007435,              0.0007435,              0.0007435
                    190,                0.59684,                 1.1842,                0.91672,                 1.0546,                0.91013,                0.84989,                0.95458,                0.82028,                0.85059,                0.87251,                0.94061,                0.75332,                0.68264,                 1.3566,                0.45515,                 1.1473,               0.000694,               0.000694,               0.000694
                    191,                0.70994,                 1.4409,                0.66208,                  1.189,                0.87467,                  0.889,                0.95826,                0.82226,                 0.8654,                0.87763,                0.94376,                0.75545,                0.67896,                 1.3517,                0.44579,                 1.1428,              0.0006445,              0.0006445,              0.0006445
                    192,                 0.6958,                 1.4118,                0.61719,                 1.1752,                0.88599,                0.88845,                0.96038,                0.82583,                0.87735,                0.87642,                0.94497,                0.75747,                0.67544,                 1.3455,                0.43502,                 1.1383,               0.000595,               0.000595,               0.000595
                    193,                0.68507,                 1.3978,                0.59703,                 1.1711,                0.89448,                0.88866,                0.96437,                0.82942,                0.88456,                0.87714,                0.94929,                0.75975,                0.67096,                 1.3391,                0.42397,                 1.1335,              0.0005455,              0.0005455,              0.0005455
                    194,                0.67419,                 1.3787,                0.57733,                 1.1635,                0.90645,                0.88833,                0.96607,                0.83231,                0.89638,                0.87685,                0.95117,                0.76219,                0.66611,                 1.3325,                0.41269,                 1.1287,               0.000496,               0.000496,               0.000496
                    195,                 0.6683,                 1.3789,                0.55419,                 1.1542,                0.91406,                0.89134,                0.96829,                0.83604,                0.90379,                0.87984,                0.95316,                0.76414,                0.66168,                 1.3256,                0.40334,                 1.1242,              0.0004465,              0.0004465,              0.0004465
                    196,                0.65682,                 1.3623,                   0.54,                 1.1477,                0.91725,                0.89368,                0.96931,                0.83849,                0.90685,                0.88213,                 0.9545,                0.76621,                0.65557,                 1.3187,                0.39351,                 1.1187,               0.000397,               0.000397,               0.000397
                    197,                0.64911,                 1.3534,                0.51619,                 1.1408,                0.92276,                0.89671,                0.97137,                0.84319,                0.91227,                0.88516,                0.95657,                0.76867,                0.65039,                 1.3116,                0.38469,                 1.1143,              0.0003475,              0.0003475,              0.0003475
                    198,                0.64394,                 1.3412,                0.50634,                 1.1347,                0.92499,                0.89869,                 0.9722,                0.84537,                0.91528,                0.88768,                0.95901,                0.77084,                0.64479,                 1.3042,                0.37634,                 1.1095,               0.000298,               0.000298,               0.000298
                    199,                0.63608,                 1.3337,                0.49104,                 1.1277,                0.92674,                0.90324,                 0.9745,                0.84815,                0.91625,                0.89169,                0.96042,                0.77335,                0.63968,                 1.2972,                0.36725,                  1.105,              0.0002485,              0.0002485,              0.0002485
                    200,                0.63165,                 1.3201,                0.48061,                 1.1231,                0.92887,                0.90454,                0.97662,                0.85055,                 0.9171,                 0.8938,                0.96254,                0.77659,                0.63366,                 1.2902,                0.35899,                 1.0998,               0.000199,               0.000199,               0.000199
